Scenario,MAE,RMSE,R2,MAE Improvement vs Base,RMSE Improvement vs Base,R2 Gain vs Base
Without location signals,118462.17932498356,198986.52281507547,0.7077576352209889,0.0,0.0,0.0
With location signals,68465.60886452372,124962.74160773236,0.8847457531685387,49996.57046045984,74023.78120734311,0.17698811794754976
